{"cameraMode":{"drawMode":0,"name":"Shaded","section":"Shading Mode"},"sceneLighting":false,"audioPlay":false,"sceneViewState":{"showFog":true,"showMaterialUpdate":false,"showSkybox":true,"showFlares":true,"showImageEffects":true,"showParticleSystems":true},"in2DMode":false,"pivot":{"x":4.9690046310424809,"y":0.7512780427932739,"z":0.0},"rotation":{"x":-0.02287261374294758,"y":-0.9746846556663513,"z":0.18827089667320252,"w":-0.11840996146202088},"size":4.952691555023193,"orthographic":false}