{"cameraMode":{"drawMode":0,"name":"Shaded","section":"Shading Mode"},"sceneLighting":false,"audioPlay":false,"sceneViewState":{"showFog":true,"showMaterialUpdate":false,"showSkybox":true,"showFlares":true,"showImageEffects":true,"showParticleSystems":true},"in2DMode":false,"pivot":{"x":0.2953166961669922,"y":9.008877754211426,"z":0.9418773651123047},"rotation":{"x":-0.304372102022171,"y":0.01342699397355318,"z":-0.004291251767426729,"w":-0.9524489641189575},"size":202.31495666503907,"orthographic":false}